id,first_name,second_name,email
1,Here Is,Short Story22,Albania
2,Get Better,3 Easy22,Anguilla
3,Here Is,Short Story22,Anguilla
4,Here Is,3 Easy22,Afghanistan
5,Get Better,3 Easy22,Albania
6,Get Better,3 Tips22,Albania
7,Short Story,Get Better22,Angola
8,Here Is,Apply22,Aland Islands
9,Here Is,3 Tips22,Andorra
10,Get Better,3 Tips22,Afghanistan
11,Here Is,Apply22,Angola
12,Short Story,Get Better22,Albania
13,Get Better,Apply22,Afghanistan
14,Short Story,Here Is22,Angola
15,Get Better,Get Better22,Albania
16,Short Story,Get Better22,Andorra
17,Short Story,3 Easy22,Afghanistan
18,Get Better,Get Better22,Algeria
19,Get Better,3 Tips22,Albania
20,Here Is,Get Better22,Aland Islands
21,Here Is,3 Easy22,Algeria
22,Get Better,Short Story22,Afghanistan
23,Here Is,Apply22,Afghanistan
24,Short Story,Get Better22,Algeria
25,Short Story,Short Story22,Anguilla
26,Get Better,Apply22,Albania
27,Short Story,Short Story22,Aland Islands
28,Here Is,3 Tips22,Aland Islands
29,Get Better,Apply22,American Samoa
30,Get Better,Get Better22,Angola
31,Here Is,Get Better22,Anguilla
32,Get Better,Apply22,Aland Islands
33,Here Is,Apply22,Andorra
34,Here Is,Apply22,Aland Islands
35,Get Better,3 Tips22,Afghanistan
36,Here Is,Get Better22,American Samoa
37,Short Story,Apply22,Afghanistan
38,Get Better,Here Is22,Algeria
39,Get Better,Here Is22,Angola
40,Get Better,Get Better22,Andorra
41,Here Is,Apply22,Anguilla
42,Here Is,Here Is22,Angola
43,Get Better,3 Tips22,Anguilla
44,Short Story,Get Better22,Andorra
45,Here Is,Get Better22,Angola
46,Here Is,Short Story22,Andorra
47,Here Is,Get Better22,Albania
48,Short Story,Short Story22,Albania
49,Short Story,Here Is22,Albania
50,Get Better,Short Story22,Afghanistan
51,Here Is,Apply22,Andorra
52,Get Better,3 Easy22,Angola
53,Here Is,Short Story22,Algeria
54,Short Story,Get Better22,Aland Islands
55,Short Story,Short Story22,Andorra
56,Short Story,3 Easy22,Afghanistan
57,Here Is,Here Is22,Aland Islands
58,Short Story,3 Easy22,Albania
59,Short Story,Here Is22,Anguilla
60,Get Better,Here Is22,Aland Islands
61,Short Story,Get Better22,Afghanistan
62,Get Better,Apply22,Andorra
63,Short Story,Get Better22,Aland Islands
64,Short Story,Apply22,Anguilla
65,Short Story,3 Easy22,American Samoa
66,Here Is,3 Easy22,Andorra
67,Get Better,Here Is22,Andorra
68,Short Story,Short Story22,Algeria
69,Here Is,3 Easy22,Albania
70,Here Is,Apply22,Algeria
71,Here Is,Apply22,Algeria
72,Short Story,Short Story22,Anguilla
73,Short Story,Get Better22,Albania
74,Get Better,3 Tips22,Angola
75,Short Story,Short Story22,American Samoa
76,Here Is,Short Story22,Afghanistan
77,Get Better,Short Story22,Anguilla
78,Get Better,Apply22,Angola
79,Get Better,3 Tips22,Afghanistan
80,Here Is,Here Is22,Albania
81,Short Story,3 Tips22,Andorra
82,Short Story,Here Is22,Aland Islands
83,Short Story,3 Easy22,Albania
84,Here Is,3 Easy22,Andorra
85,Short Story,Apply22,Andorra
86,Get Better,Short Story22,Algeria
87,Short Story,Apply22,Algeria
88,Here Is,3 Easy22,Anguilla
89,Get Better,3 Easy22,Angola
90,Short Story,Get Better22,American Samoa
91,Here Is,3 Easy22,American Samoa
92,Get Better,Here Is22,Algeria
93,Short Story,Short Story22,Anguilla
94,Get Better,Here Is22,Anguilla
95,Short Story,Apply22,Andorra
96,Short Story,3 Tips22,Aland Islands
97,Get Better,Get Better22,Angola
98,Get Better,3 Easy22,Albania
99,Here Is,3 Easy22,Aland Islands
100,Short Story,Apply22,Aland Islands
101,Here Is,Get Better22,American Samoa
102,Here Is,Get Better22,American Samoa
103,Short Story,3 Easy22,Afghanistan
104,Get Better,3 Easy22,Andorra
105,Get Better,3 Easy22,Albania
106,Get Better,3 Easy22,American Samoa
107,Get Better,3 Easy22,Andorra
108,Get Better,Here Is22,Anguilla
109,Here Is,3 Tips22,Afghanistan
110,Get Better,Apply22,Andorra
111,Here Is,3 Easy22,Algeria
112,Here Is,Get Better22,Andorra
113,Get Better,Get Better22,American Samoa
114,Here Is,Short Story22,Afghanistan
115,Short Story,Short Story22,Angola
116,Short Story,3 Tips22,Algeria
117,Get Better,3 Tips22,American Samoa
118,Get Better,3 Easy22,Algeria
119,Get Better,Here Is22,Angola
120,Get Better,Apply22,Aland Islands
121,Short Story,3 Easy22,Anguilla
122,Here Is,Here Is22,Aland Islands
123,Short Story,3 Tips22,Anguilla
124,Short Story,Apply22,Albania
125,Short Story,Here Is22,Andorra
126,Short Story,Get Better22,Anguilla
127,Short Story,3 Tips22,Anguilla
128,Here Is,3 Tips22,Algeria
129,Here Is,Get Better22,Algeria
130,Get Better,3 Easy22,Anguilla
131,Here Is,Short Story22,Algeria
132,Short Story,3 Easy22,Andorra
133,Short Story,Get Better22,Albania
134,Short Story,3 Easy22,Aland Islands
135,Here Is,Get Better22,Algeria
136,Short Story,Apply22,Afghanistan
137,Short Story,Short Story22,Aland Islands
138,Short Story,Apply22,Aland Islands
139,Here Is,Get Better22,Anguilla
140,Get Better,3 Tips22,Andorra
141,Get Better,Here Is22,Algeria
142,Here Is,3 Easy22,Anguilla
143,Here Is,Short Story22,Angola
144,Here Is,Here Is22,American Samoa
145,Get Better,Get Better22,Angola
146,Get Better,3 Tips22,Afghanistan
147,Get Better,Get Better22,Anguilla
148,Short Story,Apply22,Andorra
149,Short Story,Short Story22,Andorra
150,Here Is,Here Is22,Aland Islands
151,Here Is,Short Story22,Algeria
152,Short Story,3 Tips22,Afghanistan
153,Get Better,3 Tips22,Angola
154,Get Better,Get Better22,Albania
155,Short Story,3 Tips22,Aland Islands
156,Here Is,Apply22,Afghanistan
157,Get Better,Here Is22,Algeria
158,Here Is,Here Is22,Andorra
159,Here Is,3 Easy22,Algeria
160,Get Better,Short Story22,Algeria
161,Here Is,Here Is22,Anguilla
162,Get Better,Short Story22,Andorra
163,Short Story,3 Easy22,Albania
164,Get Better,3 Easy22,Afghanistan
165,Short Story,Apply22,Afghanistan
166,Here Is,Here Is22,Algeria
167,Here Is,3 Easy22,Aland Islands
168,Here Is,Short Story22,Andorra
169,Here Is,Apply22,Angola
170,Short Story,3 Easy22,Andorra
171,Get Better,Apply22,American Samoa
172,Here Is,Here Is22,Albania
173,Here Is,Get Better22,Aland Islands
174,Short Story,3 Tips22,Andorra
175,Short Story,Here Is22,Anguilla
176,Here Is,Get Better22,Algeria
177,Get Better,3 Easy22,Andorra
178,Short Story,3 Tips22,American Samoa
179,Short Story,Get Better22,Algeria
180,Here Is,3 Tips22,Algeria
181,Here Is,3 Tips22,Albania
182,Short Story,3 Easy22,Algeria
183,Short Story,3 Easy22,Andorra
184,Here Is,Here Is22,Aland Islands
185,Get Better,3 Easy22,Aland Islands
186,Get Better,Get Better22,Afghanistan
187,Here Is,Here Is22,Andorra
188,Here Is,Short Story22,Angola
189,Here Is,3 Easy22,Afghanistan
190,Here Is,Get Better22,Albania
191,Get Better,Short Story22,Angola
192,Short Story,3 Tips22,Aland Islands
193,Short Story,3 Tips22,Angola
194,Get Better,Short Story22,Andorra
195,Short Story,3 Easy22,Algeria
196,Get Better,3 Easy22,American Samoa
197,Get Better,3 Easy22,Angola
198,Here Is,Apply22,Albania
199,Short Story,Here Is22,Afghanistan
200,Get Better,Apply22,Albania
201,Get Better,3 Tips22,Angola
202,Get Better,3 Easy22,Aland Islands
203,Short Story,3 Easy22,Andorra
204,Here Is,Here Is22,Andorra
205,Short Story,Short Story22,Algeria
206,Get Better,Here Is22,Andorra
207,Short Story,Short Story22,Algeria
208,Short Story,Get Better22,Angola
209,Get Better,Here Is22,Algeria
210,Get Better,Short Story22,Algeria
211,Short Story,3 Easy22,Aland Islands
212,Short Story,Here Is22,American Samoa
213,Short Story,Short Story22,Angola
214,Here Is,3 Tips22,Albania
215,Get Better,Short Story22,Andorra
216,Here Is,Short Story22,Algeria
217,Short Story,Apply22,Aland Islands
218,Short Story,3 Tips22,Afghanistan
219,Here Is,3 Tips22,Afghanistan
220,Get Better,Short Story22,Afghanistan
221,Here Is,3 Easy22,Albania
222,Get Better,3 Tips22,Andorra
223,Short Story,Get Better22,Algeria
224,Short Story,3 Tips22,Anguilla
225,Here Is,Short Story22,Algeria
226,Here Is,Short Story22,Andorra
227,Short Story,Get Better22,Aland Islands
228,Short Story,Here Is22,American Samoa
229,Short Story,3 Tips22,Aland Islands
230,Get Better,3 Easy22,Algeria
231,Get Better,3 Tips22,Andorra
232,Get Better,Apply22,Anguilla
233,Short Story,Here Is22,Anguilla
234,Get Better,3 Easy22,Andorra
235,Get Better,Here Is22,Andorra
236,Here Is,Short Story22,Algeria
237,Get Better,Short Story22,Aland Islands
238,Get Better,3 Easy22,Afghanistan
239,Get Better,3 Easy22,American Samoa
240,Short Story,3 Tips22,American Samoa
241,Here Is,3 Tips22,Anguilla
242,Short Story,3 Tips22,Afghanistan
243,Here Is,Apply22,Angola
244,Short Story,3 Easy22,American Samoa
245,Here Is,Here Is22,Anguilla
246,Here Is,3 Easy22,Algeria
247,Here Is,Apply22,Afghanistan
248,Get Better,Get Better22,Anguilla
249,Short Story,3 Tips22,Albania
250,Get Better,3 Easy22,Albania
251,Get Better,Get Better22,Afghanistan
252,Get Better,Here Is22,Anguilla
253,Here Is,Here Is22,Afghanistan
254,Short Story,Here Is22,American Samoa
255,Here Is,Apply22,Angola
256,Here Is,Get Better22,Algeria
257,Here Is,3 Easy22,Andorra
258,Here Is,Apply22,Angola
259,Here Is,3 Easy22,Angola
260,Short Story,3 Easy22,Aland Islands
261,Here Is,Get Better22,Angola
262,Short Story,Get Better22,American Samoa
263,Get Better,Get Better22,Albania
264,Short Story,Short Story22,American Samoa
265,Here Is,3 Easy22,Aland Islands
266,Get Better,3 Tips22,Anguilla
267,Here Is,3 Easy22,Afghanistan
268,Here Is,Here Is22,American Samoa
269,Get Better,Here Is22,Afghanistan
270,Short Story,3 Tips22,Aland Islands
271,Get Better,Apply22,American Samoa
272,Here Is,Apply22,American Samoa
273,Here Is,Apply22,Angola
274,Here Is,Get Better22,Afghanistan
275,Short Story,3 Tips22,Aland Islands
276,Short Story,3 Tips22,Anguilla
277,Short Story,3 Tips22,Angola
278,Get Better,Get Better22,American Samoa
279,Here Is,Apply22,Andorra
280,Short Story,Short Story22,Andorra
281,Short Story,Get Better22,Anguilla
282,Get Better,Short Story22,Angola
283,Here Is,Short Story22,Albania
284,Get Better,Get Better22,American Samoa
285,Short Story,Apply22,Afghanistan
286,Get Better,Short Story22,Afghanistan
287,Here Is,3 Tips22,Anguilla
288,Here Is,3 Tips22,Afghanistan
289,Here Is,Apply22,Angola
290,Get Better,Apply22,Algeria
291,Here Is,Apply22,Aland Islands
292,Get Better,Apply22,Albania
293,Get Better,Here Is22,Andorra
294,Short Story,3 Tips22,Anguilla
295,Get Better,Short Story22,Anguilla
296,Short Story,3 Tips22,Aland Islands
297,Here Is,Get Better22,American Samoa
298,Here Is,3 Tips22,Algeria
299,Short Story,Apply22,Afghanistan
300,Short Story,Here Is22,Andorra
301,Short Story,3 Easy22,Aland Islands
302,Here Is,Short Story22,Afghanistan
303,Short Story,Here Is22,Afghanistan
304,Get Better,3 Easy22,Algeria
305,Short Story,Short Story22,Andorra
306,Get Better,Here Is22,American Samoa
307,Short Story,3 Easy22,Algeria
308,Here Is,Get Better22,Aland Islands
309,Short Story,3 Tips22,Anguilla
310,Here Is,Get Better22,Aland Islands
311,Get Better,Get Better22,Anguilla
312,Get Better,3 Easy22,Andorra
313,Here Is,3 Easy22,Andorra
314,Get Better,Here Is22,Aland Islands
315,Short Story,Apply22,American Samoa
316,Get Better,3 Easy22,Algeria
317,Short Story,Short Story22,Afghanistan
318,Short Story,Short Story22,Angola
319,Short Story,3 Tips22,Afghanistan
320,Get Better,Here Is22,Angola
321,Get Better,3 Easy22,American Samoa
322,Here Is,Short Story22,Afghanistan
323,Get Better,3 Easy22,Andorra
324,Here Is,Get Better22,Angola
325,Short Story,Here Is22,Angola
326,Get Better,Short Story22,Angola
327,Get Better,Here Is22,Albania
328,Get Better,Short Story22,Aland Islands
329,Here Is,3 Tips22,Aland Islands
330,Here Is,Apply22,Anguilla
331,Here Is,Apply22,Albania
332,Here Is,3 Easy22,Aland Islands
333,Short Story,Here Is22,Albania
334,Short Story,Get Better22,Andorra
335,Get Better,3 Easy22,Afghanistan
336,Here Is,Here Is22,Anguilla
337,Short Story,Get Better22,American Samoa
338,Get Better,3 Easy22,Afghanistan
339,Short Story,Get Better22,Angola
340,Short Story,Short Story22,Albania
341,Get Better,3 Tips22,Algeria
342,Get Better,Apply22,Afghanistan
343,Short Story,Short Story22,Afghanistan
344,Here Is,Get Better22,Algeria
345,Short Story,Short Story22,Algeria
346,Here Is,Get Better22,American Samoa
347,Get Better,Short Story22,Andorra
348,Short Story,3 Tips22,Afghanistan
349,Short Story,3 Easy22,Andorra
350,Here Is,Apply22,Angola
351,Short Story,Apply22,Albania
352,Here Is,Here Is22,Angola
353,Short Story,Get Better22,Algeria
354,Get Better,Short Story22,Angola
355,Short Story,Get Better22,Anguilla
356,Get Better,Here Is22,Albania
357,Short Story,3 Tips22,Angola
358,Get Better,Apply22,Algeria
359,Here Is,3 Tips22,Anguilla
360,Short Story,Apply22,Andorra
361,Short Story,3 Tips22,Aland Islands
362,Get Better,3 Easy22,Anguilla
363,Get Better,Here Is22,American Samoa
364,Short Story,Here Is22,Anguilla
365,Here Is,Get Better22,Algeria
366,Short Story,Get Better22,American Samoa
367,Get Better,Here Is22,Anguilla
368,Get Better,3 Tips22,Andorra
369,Get Better,Apply22,Afghanistan
370,Here Is,3 Tips22,Aland Islands
371,Get Better,Short Story22,Afghanistan
372,Short Story,3 Easy22,Anguilla
373,Get Better,Apply22,Andorra
374,Here Is,3 Easy22,Andorra
375,Here Is,3 Tips22,Albania
376,Get Better,Here Is22,American Samoa
377,Here Is,Apply22,Andorra
378,Get Better,Get Better22,American Samoa
379,Short Story,Apply22,Aland Islands
380,Here Is,3 Tips22,Aland Islands
381,Get Better,Get Better22,Aland Islands
382,Get Better,3 Easy22,Algeria
383,Get Better,3 Easy22,American Samoa
384,Here Is,Short Story22,Algeria
385,Get Better,Get Better22,Algeria
386,Here Is,Here Is22,Angola
387,Short Story,Here Is22,Angola
388,Get Better,Apply22,Angola
389,Short Story,Apply22,Anguilla
390,Short Story,Get Better22,Afghanistan
391,Here Is,Apply22,Albania
392,Here Is,3 Easy22,Andorra
393,Here Is,Apply22,Angola
394,Here Is,Apply22,Afghanistan
395,Here Is,Get Better22,Afghanistan
396,Short Story,3 Easy22,American Samoa
397,Here Is,3 Easy22,Aland Islands
398,Here Is,Apply22,Anguilla
399,Short Story,3 Tips22,Afghanistan
400,Short Story,3 Easy22,American Samoa
401,Short Story,Here Is22,Afghanistan
402,Short Story,3 Easy22,Afghanistan
403,Short Story,Here Is22,Anguilla
404,Get Better,3 Tips22,Algeria
405,Here Is,3 Easy22,Afghanistan
406,Short Story,3 Tips22,Aland Islands
407,Short Story,3 Easy22,Anguilla
408,Here Is,3 Tips22,Andorra
409,Here Is,Here Is22,American Samoa
410,Here Is,Apply22,Algeria
411,Here Is,3 Tips22,Aland Islands
412,Get Better,3 Tips22,Afghanistan
413,Get Better,Here Is22,Algeria
414,Get Better,3 Tips22,Algeria
415,Here Is,Apply22,Afghanistan
416,Short Story,3 Tips22,Algeria
417,Short Story,Here Is22,Aland Islands
418,Short Story,Get Better22,Aland Islands
419,Get Better,Short Story22,Anguilla
420,Short Story,Here Is22,Angola
421,Get Better,3 Tips22,Aland Islands
422,Get Better,3 Tips22,Angola
423,Get Better,Short Story22,Andorra
424,Short Story,Short Story22,Anguilla
425,Short Story,Apply22,American Samoa
426,Get Better,3 Tips22,American Samoa
427,Get Better,3 Easy22,Andorra
428,Get Better,Get Better22,Algeria
429,Here Is,Apply22,American Samoa
430,Short Story,Short Story22,Albania
431,Get Better,Get Better22,Anguilla
432,Here Is,Short Story22,Algeria
433,Short Story,Here Is22,Angola
434,Get Better,Here Is22,Aland Islands
435,Get Better,3 Tips22,Algeria
436,Here Is,3 Tips22,American Samoa
437,Short Story,Short Story22,Angola
438,Short Story,3 Tips22,Andorra
439,Get Better,3 Tips22,Andorra
440,Get Better,Here Is22,Anguilla
441,Get Better,Apply22,Albania
442,Here Is,3 Easy22,Aland Islands
443,Here Is,3 Easy22,Angola
444,Here Is,Get Better22,Afghanistan
445,Here Is,Apply22,Angola
446,Short Story,Get Better22,Anguilla
447,Here Is,3 Tips22,Algeria
448,Short Story,Get Better22,American Samoa
449,Here Is,3 Tips22,Aland Islands
450,Here Is,3 Tips22,Albania
451,Here Is,Get Better22,Anguilla
452,Here Is,Get Better22,Afghanistan
453,Get Better,Apply22,Afghanistan
454,Here Is,3 Tips22,Angola
455,Here Is,Short Story22,American Samoa
456,Short Story,Apply22,Albania
457,Get Better,3 Easy22,Afghanistan
458,Here Is,3 Easy22,Anguilla
459,Get Better,Apply22,Albania
460,Get Better,Get Better22,Andorra
461,Short Story,Get Better22,Anguilla
462,Get Better,Short Story22,Aland Islands
463,Get Better,3 Tips22,Albania
464,Short Story,Short Story22,American Samoa
465,Get Better,Short Story22,Aland Islands
466,Get Better,Here Is22,American Samoa
467,Get Better,3 Easy22,Albania
468,Here Is,Apply22,Angola
469,Get Better,Get Better22,Anguilla
470,Short Story,3 Easy22,American Samoa
471,Short Story,Here Is22,Algeria
472,Get Better,Here Is22,Aland Islands
473,Short Story,Short Story22,Algeria
474,Short Story,Short Story22,Aland Islands
475,Short Story,Here Is22,Anguilla
476,Short Story,Get Better22,Andorra
477,Short Story,3 Easy22,Anguilla
478,Get Better,Apply22,Afghanistan
479,Here Is,Get Better22,Algeria
480,Short Story,Apply22,American Samoa
481,Get Better,Get Better22,Algeria
482,Short Story,Apply22,American Samoa
483,Here Is,Short Story22,Albania
484,Get Better,Here Is22,Andorra
485,Get Better,Apply22,American Samoa
486,Here Is,Short Story22,Angola
487,Short Story,Get Better22,Anguilla
488,Here Is,Apply22,Afghanistan
489,Here Is,3 Easy22,Albania
490,Get Better,3 Easy22,Algeria
491,Get Better,Apply22,Andorra
492,Short Story,Short Story22,Angola
493,Get Better,Apply22,American Samoa
494,Here Is,3 Tips22,Angola
495,Here Is,Here Is22,American Samoa
496,Get Better,Here Is22,Afghanistan
497,Get Better,Short Story22,Angola
498,Short Story,3 Tips22,Algeria
499,Short Story,3 Tips22,Algeria
500,Get Better,3 Easy22,American Samoa
501,Short Story,3 Tips22,Afghanistan
502,Short Story,Short Story22,Albania
503,Short Story,3 Easy22,Aland Islands
504,Here Is,Here Is22,Afghanistan
505,Get Better,3 Easy22,American Samoa
506,Here Is,Here Is22,Aland Islands
507,Get Better,Short Story22,Aland Islands
508,Short Story,Get Better22,American Samoa
509,Here Is,3 Easy22,Andorra
510,Get Better,3 Tips22,Angola
511,Get Better,Get Better22,Andorra
512,Get Better,3 Easy22,Anguilla
513,Here Is,3 Easy22,Albania
514,Get Better,3 Easy22,American Samoa
515,Get Better,3 Tips22,Angola
516,Short Story,Get Better22,American Samoa
517,Short Story,3 Easy22,Aland Islands
518,Here Is,3 Easy22,Albania
519,Get Better,Here Is22,Anguilla
520,Get Better,Short Story22,Andorra
521,Get Better,Short Story22,Albania
522,Get Better,3 Tips22,American Samoa
523,Here Is,Here Is22,American Samoa
524,Get Better,Get Better22,Aland Islands
525,Get Better,Get Better22,Anguilla
526,Get Better,Short Story22,Afghanistan
527,Short Story,Get Better22,American Samoa
528,Get Better,3 Tips22,Afghanistan
529,Here Is,Apply22,Anguilla
530,Get Better,Get Better22,Angola
531,Short Story,3 Easy22,Andorra
532,Here Is,Short Story22,Aland Islands
533,Here Is,3 Easy22,American Samoa
534,Here Is,Here Is22,Afghanistan
535,Short Story,3 Tips22,American Samoa
536,Here Is,Short Story22,Afghanistan
537,Here Is,3 Easy22,American Samoa
538,Short Story,Get Better22,American Samoa
539,Short Story,Here Is22,American Samoa
540,Short Story,Get Better22,Albania
541,Here Is,3 Easy22,American Samoa
542,Short Story,Here Is22,Angola
543,Here Is,Apply22,Albania
544,Short Story,3 Tips22,Andorra
545,Get Better,3 Tips22,Angola
546,Get Better,Short Story22,Afghanistan
547,Here Is,Get Better22,Albania
548,Short Story,Apply22,Andorra
549,Here Is,3 Tips22,Afghanistan
550,Short Story,Get Better22,Afghanistan
551,Get Better,Here Is22,Algeria
552,Get Better,Get Better22,American Samoa
553,Here Is,Here Is22,Albania
554,Here Is,Short Story22,Angola
555,Here Is,Get Better22,Algeria
556,Get Better,Short Story22,Afghanistan
557,Get Better,Get Better22,Algeria
558,Short Story,Short Story22,Albania
559,Short Story,Get Better22,Afghanistan
560,Short Story,Here Is22,Algeria
561,Short Story,Short Story22,Afghanistan
562,Short Story,3 Easy22,Afghanistan
563,Here Is,Here Is22,Algeria
564,Get Better,3 Tips22,Anguilla
565,Here Is,Here Is22,Afghanistan
566,Short Story,Apply22,Aland Islands
567,Here Is,Get Better22,Aland Islands
568,Get Better,3 Easy22,Algeria
569,Get Better,Short Story22,American Samoa
570,Here Is,Short Story22,Andorra
571,Short Story,3 Easy22,Angola
572,Here Is,3 Tips22,Afghanistan
573,Here Is,3 Easy22,Anguilla
574,Here Is,Here Is22,Angola
575,Short Story,Here Is22,Andorra
576,Here Is,3 Tips22,Anguilla
577,Get Better,3 Easy22,Angola
578,Here Is,Apply22,Algeria
579,Here Is,3 Tips22,Angola
580,Short Story,Here Is22,Anguilla
581,Get Better,Here Is22,Angola
582,Short Story,Get Better22,Aland Islands
583,Short Story,3 Easy22,Afghanistan
584,Get Better,Short Story22,American Samoa
585,Short Story,Get Better22,Angola
586,Short Story,Short Story22,Anguilla
587,Short Story,Short Story22,Angola
588,Here Is,Here Is22,Angola
589,Short Story,Get Better22,Algeria
590,Short Story,Short Story22,Aland Islands
591,Short Story,3 Easy22,Anguilla
592,Get Better,3 Easy22,Aland Islands
593,Short Story,3 Easy22,Anguilla
594,Short Story,Short Story22,Albania
595,Get Better,3 Easy22,Algeria
596,Here Is,3 Tips22,Albania
597,Here Is,3 Easy22,American Samoa
598,Here Is,3 Tips22,Afghanistan
599,Here Is,Apply22,Andorra
600,Short Story,3 Easy22,Afghanistan
601,Get Better,Here Is22,Albania
602,Short Story,Get Better22,Aland Islands
603,Get Better,3 Tips22,Albania
604,Get Better,3 Tips22,Aland Islands
605,Here Is,3 Tips22,Andorra
606,Short Story,3 Tips22,Afghanistan
607,Get Better,Short Story22,Andorra
608,Here Is,3 Tips22,American Samoa
609,Here Is,Apply22,Albania
610,Get Better,Here Is22,Afghanistan
611,Get Better,Short Story22,Aland Islands
612,Get Better,Short Story22,Afghanistan
613,Short Story,Apply22,Andorra
614,Get Better,3 Easy22,Anguilla
615,Here Is,Apply22,American Samoa
616,Get Better,Apply22,Albania
617,Get Better,Short Story22,Aland Islands
618,Here Is,Short Story22,Andorra
619,Get Better,3 Easy22,Anguilla
620,Get Better,Apply22,Angola
621,Short Story,3 Tips22,American Samoa
622,Get Better,Apply22,Algeria
623,Get Better,Here Is22,Anguilla
624,Short Story,Get Better22,Albania
625,Here Is,Short Story22,Anguilla
626,Short Story,Here Is22,Angola
627,Short Story,Here Is22,Andorra
628,Short Story,Short Story22,Angola
629,Short Story,Apply22,Andorra
630,Short Story,3 Tips22,Albania
631,Here Is,Get Better22,Algeria
632,Short Story,Short Story22,Algeria
633,Here Is,Short Story22,American Samoa
634,Short Story,Short Story22,Anguilla
635,Get Better,Apply22,Albania
636,Short Story,Here Is22,American Samoa
637,Get Better,Short Story22,Afghanistan
638,Short Story,3 Tips22,Anguilla
639,Get Better,Apply22,American Samoa
640,Here Is,Here Is22,American Samoa
641,Get Better,Here Is22,Afghanistan
642,Short Story,Apply22,Angola
643,Get Better,Apply22,American Samoa
644,Short Story,Apply22,Angola
645,Get Better,3 Tips22,Andorra
646,Short Story,Apply22,Anguilla
647,Here Is,Here Is22,American Samoa
648,Short Story,Short Story22,American Samoa
649,Get Better,Short Story22,Afghanistan
650,Short Story,Apply22,Anguilla
651,Here Is,Short Story22,Albania
652,Here Is,3 Easy22,Aland Islands
653,Short Story,3 Tips22,Anguilla
654,Short Story,Apply22,Angola
655,Get Better,Short Story22,American Samoa
656,Short Story,3 Easy22,Andorra
657,Here Is,Here Is22,Anguilla
658,Short Story,Here Is22,Andorra
659,Short Story,Apply22,Afghanistan
660,Short Story,Short Story22,Anguilla
661,Here Is,Get Better22,Afghanistan
662,Short Story,3 Easy22,Albania
663,Short Story,3 Tips22,Aland Islands
664,Get Better,3 Tips22,Albania
665,Short Story,Apply22,Afghanistan
666,Here Is,3 Tips22,American Samoa
667,Short Story,Apply22,Andorra
668,Short Story,3 Tips22,Aland Islands
669,Here Is,Short Story22,American Samoa
670,Here Is,3 Easy22,Angola
671,Here Is,Get Better22,Anguilla
672,Short Story,Apply22,Andorra
673,Short Story,Here Is22,Aland Islands
674,Short Story,3 Tips22,Angola
675,Get Better,Apply22,Aland Islands
676,Get Better,Here Is22,Albania
677,Get Better,Short Story22,American Samoa
678,Here Is,Get Better22,Algeria
679,Get Better,Get Better22,Angola
680,Short Story,3 Tips22,Anguilla
681,Here Is,Get Better22,Afghanistan
682,Short Story,3 Easy22,American Samoa
683,Get Better,3 Easy22,Albania
684,Here Is,Here Is22,Algeria
685,Here Is,Get Better22,Aland Islands
686,Get Better,Short Story22,Aland Islands
687,Get Better,Here Is22,Albania
688,Get Better,Here Is22,Anguilla
689,Short Story,Apply22,Andorra
690,Short Story,Get Better22,Angola
691,Short Story,3 Easy22,Albania
692,Short Story,Get Better22,Albania
693,Here Is,Here Is22,Angola
694,Get Better,Apply22,Angola
695,Short Story,Get Better22,Albania
696,Get Better,Short Story22,Aland Islands
697,Short Story,Short Story22,Aland Islands
698,Here Is,Apply22,Andorra
699,Here Is,Get Better22,American Samoa
700,Here Is,Here Is22,Anguilla
701,Get Better,Short Story22,Angola
702,Short Story,Short Story22,Afghanistan
703,Get Better,3 Easy22,Angola
704,Get Better,3 Easy22,Angola
705,Here Is,Get Better22,Algeria
706,Here Is,Get Better22,Andorra
707,Here Is,3 Tips22,Albania
708,Here Is,Short Story22,Anguilla
709,Get Better,3 Easy22,American Samoa
710,Get Better,3 Easy22,Andorra
711,Get Better,3 Easy22,Andorra
712,Get Better,Get Better22,Albania
713,Here Is,Get Better22,Andorra
714,Short Story,3 Easy22,American Samoa
715,Get Better,Get Better22,Anguilla
716,Short Story,3 Tips22,Algeria
717,Here Is,Here Is22,American Samoa
718,Get Better,3 Tips22,American Samoa
719,Here Is,Short Story22,American Samoa
720,Get Better,3 Tips22,Afghanistan
721,Short Story,Here Is22,Angola
722,Get Better,Short Story22,Algeria
723,Here Is,Get Better22,Aland Islands
724,Here Is,3 Tips22,Anguilla
725,Here Is,Short Story22,Algeria
726,Get Better,Here Is22,Andorra
727,Get Better,3 Easy22,Anguilla
728,Short Story,Get Better22,Albania
729,Short Story,Apply22,Afghanistan
730,Here Is,Apply22,Andorra
731,Here Is,Get Better22,Albania
732,Here Is,Get Better22,Anguilla
733,Here Is,3 Tips22,Aland Islands
734,Short Story,Short Story22,Anguilla
735,Short Story,Here Is22,American Samoa
736,Get Better,Short Story22,Afghanistan
737,Here Is,3 Easy22,Andorra
738,Get Better,3 Tips22,Aland Islands
739,Here Is,Get Better22,American Samoa
740,Get Better,3 Tips22,Albania
741,Short Story,3 Tips22,Andorra
742,Get Better,Here Is22,Algeria
743,Get Better,Get Better22,Algeria
744,Short Story,Short Story22,Andorra
745,Short Story,Apply22,Algeria
746,Here Is,3 Easy22,Andorra
747,Here Is,Here Is22,American Samoa
748,Here Is,Short Story22,Aland Islands
749,Here Is,Short Story22,Andorra
750,Short Story,Get Better22,Afghanistan
751,Short Story,Get Better22,American Samoa
752,Here Is,Get Better22,Anguilla
753,Here Is,Here Is22,American Samoa
754,Here Is,Here Is22,Aland Islands
755,Get Better,3 Easy22,Albania
756,Here Is,3 Easy22,Aland Islands
757,Here Is,Get Better22,American Samoa
758,Short Story,Here Is22,Algeria
759,Short Story,Short Story22,American Samoa
760,Get Better,3 Tips22,Andorra
761,Get Better,Get Better22,Angola
762,Here Is,Apply22,Algeria
763,Get Better,Get Better22,American Samoa
764,Get Better,Get Better22,Anguilla
765,Get Better,Short Story22,Aland Islands
766,Short Story,Get Better22,Angola
767,Short Story,Get Better22,Andorra
768,Get Better,3 Tips22,American Samoa
769,Here Is,3 Tips22,Andorra
770,Short Story,3 Easy22,Afghanistan
771,Here Is,Get Better22,Albania
772,Here Is,Apply22,Anguilla
773,Get Better,3 Tips22,Algeria
774,Here Is,3 Tips22,Algeria
775,Short Story,Get Better22,Afghanistan
776,Get Better,3 Easy22,Andorra
777,Get Better,3 Easy22,American Samoa
778,Get Better,Short Story22,American Samoa
779,Here Is,3 Tips22,Aland Islands
780,Short Story,Get Better22,Angola
781,Short Story,3 Tips22,Algeria
782,Short Story,3 Easy22,Anguilla
783,Here Is,Here Is22,Afghanistan
784,Short Story,Here Is22,Albania
785,Short Story,Here Is22,Anguilla
786,Get Better,Apply22,Albania
787,Here Is,Apply22,Albania
788,Here Is,3 Tips22,Aland Islands
789,Here Is,Short Story22,Albania
790,Here Is,3 Easy22,Andorra
791,Short Story,Get Better22,Aland Islands
792,Get Better,Here Is22,Algeria
793,Here Is,Here Is22,Albania
794,Short Story,Get Better22,Albania
795,Short Story,Here Is22,Aland Islands
796,Short Story,3 Easy22,Angola
797,Here Is,3 Easy22,Angola
798,Get Better,Short Story22,American Samoa
799,Here Is,Short Story22,Angola
800,Short Story,3 Tips22,Angola
801,Get Better,3 Easy22,Afghanistan
802,Short Story,3 Tips22,Anguilla
803,Short Story,3 Easy22,Algeria
804,Here Is,3 Easy22,Algeria
805,Here Is,Here Is22,Albania
806,Here Is,Here Is22,American Samoa
807,Short Story,Get Better22,Albania
808,Short Story,Here Is22,Albania
809,Here Is,3 Easy22,Anguilla
810,Get Better,Short Story22,Angola
811,Get Better,Apply22,Afghanistan
812,Here Is,3 Easy22,Andorra
813,Get Better,Get Better22,Afghanistan
814,Here Is,Get Better22,Afghanistan
815,Short Story,Apply22,Aland Islands
816,Get Better,Get Better22,Albania
817,Here Is,Get Better22,Afghanistan
818,Short Story,3 Tips22,Aland Islands
819,Short Story,Apply22,Algeria
820,Short Story,Here Is22,Anguilla
821,Short Story,Short Story22,Aland Islands
822,Here Is,Here Is22,Anguilla
823,Short Story,Here Is22,Angola
824,Get Better,Here Is22,Anguilla
825,Get Better,3 Easy22,Algeria
826,Short Story,Short Story22,Anguilla
827,Get Better,Here Is22,Albania
828,Here Is,Apply22,Afghanistan
829,Get Better,3 Tips22,Andorra
830,Short Story,Apply22,Anguilla
831,Short Story,3 Tips22,Aland Islands
832,Get Better,Apply22,Anguilla
833,Short Story,3 Easy22,Anguilla
834,Here Is,Apply22,American Samoa
835,Get Better,3 Easy22,American Samoa
836,Here Is,Short Story22,Anguilla
837,Get Better,3 Tips22,Afghanistan
838,Get Better,3 Tips22,Anguilla
839,Here Is,Short Story22,Aland Islands
840,Get Better,Short Story22,Albania
841,Get Better,3 Easy22,Anguilla
842,Get Better,Short Story22,Albania
843,Short Story,Short Story22,Albania
844,Short Story,Short Story22,Afghanistan
845,Here Is,Get Better22,Andorra
846,Get Better,Apply22,American Samoa
847,Short Story,3 Easy22,Algeria
848,Here Is,Apply22,Afghanistan
849,Get Better,Get Better22,Anguilla
850,Get Better,Apply22,Angola
851,Get Better,Here Is22,Angola
852,Short Story,3 Easy22,Andorra
853,Short Story,Here Is22,Albania
854,Short Story,Here Is22,Afghanistan
855,Short Story,3 Tips22,Algeria
856,Get Better,Short Story22,American Samoa
857,Get Better,Short Story22,Afghanistan
858,Get Better,Apply22,American Samoa
859,Here Is,3 Easy22,Anguilla
860,Get Better,Here Is22,Andorra
861,Get Better,Short Story22,Aland Islands
862,Short Story,Here Is22,Afghanistan
863,Get Better,Here Is22,American Samoa
864,Here Is,3 Tips22,American Samoa
865,Here Is,Short Story22,Algeria
866,Short Story,3 Easy22,Aland Islands
867,Here Is,Here Is22,Aland Islands
868,Short Story,Here Is22,Angola
869,Here Is,Get Better22,Algeria
870,Here Is,Here Is22,American Samoa
871,Here Is,Here Is22,Algeria
872,Short Story,Get Better22,Aland Islands
873,Get Better,3 Easy22,Algeria
874,Get Better,Short Story22,Angola
875,Get Better,Short Story22,American Samoa
876,Here Is,3 Easy22,Andorra
877,Here Is,3 Easy22,Algeria
878,Short Story,3 Easy22,Afghanistan
879,Here Is,Apply22,Angola
880,Here Is,Short Story22,Algeria
881,Get Better,Short Story22,Afghanistan
882,Here Is,Get Better22,Aland Islands
883,Here Is,Short Story22,Anguilla
884,Short Story,3 Tips22,Albania
885,Get Better,3 Easy22,Albania
886,Short Story,Here Is22,Afghanistan
887,Get Better,Short Story22,American Samoa
888,Here Is,Apply22,Afghanistan
889,Get Better,Short Story22,Andorra
890,Short Story,3 Easy22,Andorra
891,Here Is,3 Tips22,Angola
892,Here Is,Here Is22,Angola
893,Here Is,Apply22,Afghanistan
894,Get Better,Get Better22,American Samoa
895,Here Is,Short Story22,Afghanistan
896,Get Better,Apply22,Algeria
897,Here Is,Get Better22,Anguilla
898,Short Story,3 Easy22,Andorra
899,Get Better,Get Better22,Albania
900,Short Story,Apply22,Afghanistan
901,Here Is,Get Better22,Angola
902,Get Better,Here Is22,Anguilla
903,Get Better,Get Better22,Algeria
904,Get Better,3 Tips22,Albania
905,Here Is,3 Tips22,Andorra
906,Short Story,3 Easy22,Afghanistan
907,Short Story,3 Tips22,Afghanistan
908,Get Better,Here Is22,Anguilla
909,Here Is,Here Is22,Algeria
910,Here Is,Get Better22,Anguilla
911,Short Story,3 Easy22,Afghanistan
912,Here Is,Here Is22,Angola
913,Here Is,Apply22,Anguilla
914,Here Is,Short Story22,Anguilla
915,Short Story,Get Better22,American Samoa
916,Here Is,3 Easy22,Aland Islands
917,Here Is,Here Is22,Andorra
918,Here Is,Apply22,American Samoa
919,Get Better,Here Is22,Aland Islands
920,Here Is,3 Easy22,Algeria
921,Short Story,3 Tips22,American Samoa
922,Get Better,Here Is22,American Samoa
923,Get Better,Get Better22,American Samoa
924,Short Story,3 Tips22,Angola
925,Get Better,Here Is22,Angola
926,Here Is,3 Easy22,Aland Islands
927,Get Better,Get Better22,Andorra
928,Get Better,Here Is22,Aland Islands
929,Short Story,3 Easy22,Afghanistan
930,Short Story,Here Is22,Andorra
931,Get Better,Apply22,Albania
932,Here Is,Apply22,Aland Islands
933,Short Story,Get Better22,Afghanistan
934,Short Story,3 Tips22,Algeria
935,Here Is,Here Is22,American Samoa
936,Here Is,Get Better22,Andorra
937,Short Story,3 Easy22,Andorra
938,Get Better,Get Better22,Andorra
939,Get Better,Apply22,Angola
940,Here Is,3 Tips22,Angola
941,Short Story,Apply22,Anguilla
942,Here Is,Apply22,Albania
943,Get Better,Apply22,Algeria
944,Here Is,3 Tips22,Angola
945,Here Is,3 Easy22,Angola
946,Short Story,Here Is22,Aland Islands
947,Get Better,Here Is22,Anguilla
948,Short Story,Get Better22,Aland Islands
949,Here Is,3 Easy22,Anguilla
950,Short Story,3 Easy22,Anguilla
951,Get Better,3 Tips22,Aland Islands
952,Short Story,Here Is22,Albania
953,Get Better,3 Tips22,American Samoa
954,Get Better,Apply22,Afghanistan
955,Short Story,Get Better22,American Samoa
956,Get Better,3 Tips22,Aland Islands
957,Get Better,Here Is22,American Samoa
958,Short Story,Get Better22,Andorra
959,Here Is,Apply22,Algeria
960,Here Is,Apply22,Algeria
961,Here Is,3 Easy22,Anguilla
962,Get Better,Here Is22,Andorra
963,Short Story,3 Easy22,Albania
964,Get Better,Here Is22,American Samoa
965,Here Is,3 Tips22,Andorra
966,Get Better,3 Tips22,Andorra
967,Get Better,Apply22,Andorra
968,Get Better,Short Story22,Angola
969,Get Better,3 Tips22,Andorra
970,Get Better,3 Tips22,Aland Islands
971,Short Story,3 Tips22,American Samoa
972,Get Better,Here Is22,Algeria
973,Get Better,Short Story22,American Samoa
974,Short Story,3 Easy22,Afghanistan
975,Get Better,3 Easy22,Aland Islands
976,Get Better,Get Better22,Albania
977,Short Story,3 Tips22,Aland Islands
978,Short Story,3 Easy22,Anguilla
979,Short Story,3 Tips22,Anguilla
980,Get Better,3 Tips22,Angola
981,Short Story,Get Better22,Aland Islands
982,Here Is,Here Is22,Algeria
983,Short Story,3 Easy22,Albania
984,Get Better,3 Easy22,Aland Islands
985,Get Better,Short Story22,Andorra
986,Short Story,Here Is22,Aland Islands
987,Here Is,3 Tips22,Andorra
988,Short Story,3 Tips22,Afghanistan
989,Short Story,Get Better22,Aland Islands
990,Here Is,3 Tips22,American Samoa
991,Here Is,Apply22,Albania
992,Short Story,3 Tips22,Angola
993,Short Story,Apply22,Albania
994,Short Story,3 Tips22,Albania
995,Here Is,Get Better22,Anguilla
996,Short Story,Get Better22,Algeria
997,Short Story,Here Is22,Angola
998,Here Is,Apply22,Algeria
999,Get Better,Short Story22,American Samoa
1000,Get Better,Short Story22,Angola
